session_id,participant_id,status,started_datetime,completed_date_time,time_taken,age,num_approvals,num_rejections,prolific_score,reviewed_at_datetime,entered_code,2020 US presidential election,Country of Birth,Current Country of Residence,Employment Status,First Language,Nationality,Sex,Student Status,U.S. Political Affiliation
6054ce97ea8db06923d66a92,5da947c15854ba0011d3a88b,APPROVED,2021-03-19 16:17:31.263000,2021-03-19 16:19:46.211000,134.948,40,226,2,100,2021-03-21 03:40:50.666000,2C804BBF,Joe Biden,United States,United States,"Not in paid work (e.g. homemaker', 'retired or disabled)",English,United States,Female,No,Independent
6054cef051e8cf38a89051de,5f223de7dd502e6f2f42b8a1,APPROVED,2021-03-19 16:18:59.362000,2021-03-19 16:21:07.827000,128.465,34,223,0,100,2021-03-21 03:40:52.333000,2C804BBF,Joe Biden,United States,United States,"Not in paid work (e.g. homemaker', 'retired or disabled)",English,United States,Female,No,Democrat
6054d13757770851ca36a4f8,5d65d503db78ac000184b1b3,APPROVED,2021-03-19 16:28:43.164000,2021-03-19 16:30:04.445000,81.281,28,294,1,100,2021-03-21 03:40:53.769000,2C804BBF,Joe Biden,United States,United States,Full-Time,DATA EXPIRED,United States,Female,Yes,Democrat
6054d16f04a6ea841d0291cb,5f9ffbdedf389001027d9b36,APPROVED,2021-03-19 16:29:37.714000,2021-03-19 16:31:20.964000,103.25,22,65,0,100,2021-03-21 03:40:55.612000,2C804BBF,Joe Biden,United States,United States,Full-Time,DATA EXPIRED,United States,Female,No,Democrat
6054d22806e2624f6758ad40,58f390b1e174d70001585a94,APPROVED,2021-03-19 16:32:43.796000,2021-03-19 16:33:50.243000,66.447,28,1090,2,100,2021-03-21 03:40:56.739000,2C804BBF,Joe Biden,United States,United States,Full-Time,English,United States,Female,No,
6054d2b2723cd08818688d40,5484821efdf99b07b28f2300,APPROVED,2021-03-19 16:35:04.591000,2021-03-19 16:36:24.754000,80.163,36,1129,0,100,2021-03-21 03:41:01.074000,2C804BBF,Joe Biden,United States,United States,Full-Time,English,United States,Female,No,Democrat
6054d2b9aec7bf698b0e7fda,5ef8a4a91d1dac5fe798bf93,APPROVED,2021-03-19 16:35:09.021000,2021-03-19 16:37:25.082000,136.061,47,323,2,100,2021-03-21 03:41:05.362000,2C804BBF,Joe Biden,United States,United States,Full-Time,English,United States,Male,No,Democrat
6054d3694f986f10f13902b2,5e2607f255bb34069925b037,APPROVED,2021-03-19 16:38:04.606000,2021-03-19 16:40:18.316000,133.71,28,585,0,100,2021-03-21 03:41:07.105000,2C804BBF,Joe Biden,United States,United States,Full-Time,English,United States,Female,No,Independent
6054d36b5f386c8a2f32e6f2,5fd8c3c3829c45293cfb0430,APPROVED,2021-03-19 16:38:03.638000,2021-03-19 16:40:08.419000,124.781,18,260,0,100,2021-03-21 03:41:09.715000,2C804BBF,Joe Biden,United States,United States,"Not in paid work (e.g. homemaker', 'retired or disabled)",DATA EXPIRED,United States,Female,Yes,Republican
6054d3b9fb4aad570fb9df66,5ea497072b246644ea12dc12,APPROVED,2021-03-19 16:39:23.734000,2021-03-19 16:41:19.849000,116.115,22,635,1,100,2021-03-21 03:41:11.454000,2C804BBF,Joe Biden,United States,United States,Part-Time,English,United States,Female,Yes,Democrat
6054d44819db91d45c88b85a,5d548b387aff650016a18b79,APPROVED,2021-03-19 16:41:47.679000,2021-03-19 16:42:54.584000,66.905,30,580,2,99,2021-03-21 03:41:14.013000,2C804BBF,Joe Biden,United States,United States,Full-Time,English,United States,Male,No,Democrat
6054d48272e4685074bf1e78,5d59d9884e2ab80001d1e126,APPROVED,2021-03-19 16:42:44.369000,2021-03-19 16:44:00.947000,76.578,24,475,0,100,2021-03-21 03:41:16.762000,2C804BBF,Joe Biden,United States,United States,Full-Time,English,United States,Male,No,Democrat
6054d4906cc2157ee0814293,55c0ca6cfdf99b2e8efc9f4b,APPROVED,2021-03-19 16:43:00.019000,2021-03-19 16:44:05.197000,65.178,40,1504,7,100,2021-03-21 03:41:19.327000,2C804BBF,Joe Biden,United States,United States,Full-Time,English,United States,Female,No,
6054d491ef5ed471c43a0316,5f4da3e0de27c7a9386fbc40,APPROVED,2021-03-19 16:42:59.884000,2021-03-19 16:43:43.709000,43.825,22,232,2,100,2021-03-21 03:41:24.626000,2C804BBF,Joe Biden,United States,United States,Full-Time,DATA EXPIRED,United States,Male,No,Independent
6054d4b9c9342541ecf94a61,5eca872c8473f05c071aee4d,APPROVED,2021-03-19 16:43:41.088000,2021-03-19 16:45:53.619000,132.531,32,437,2,100,2021-03-21 03:41:26.138000,2C804BBF,Joe Biden,United States,United States,Full-Time,English,United States,Male,No,Democrat
6054d4fa382937df84a848d0,5ed174832955ea0c743fead2,APPROVED,2021-03-19 16:44:45.641000,2021-03-19 16:45:49.928000,64.287,38,520,2,100,2021-03-21 03:41:28.509000,2C804BBF,Joe Biden,United States,United States,Full-Time,English,United States,Male,Yes,Democrat
6054d542c9e2e1fa78fea524,5f4c8469ad5ee688eff8cb4b,APPROVED,2021-03-19 16:45:56.635000,2021-03-19 16:47:13.475000,76.84,18,328,0,100,2021-03-21 03:41:31.215000,2C804BBF,Joe Biden,United States,United States,Part-Time,DATA EXPIRED,United States,Male,Yes,Democrat
6054d564858d175113d7c499,5f8154be0e7254000973ddfa,APPROVED,2021-03-19 16:46:28.953000,2021-03-19 16:48:27.620000,118.667,25,166,1,100,2021-03-21 03:41:33.030000,2C804BBF,Joe Biden,United States,United States,Full-Time,DATA EXPIRED,United States,Male,No,Democrat
6054d57962065cc272f5e6ec,5a89c5100f1bce0001224361,APPROVED,2021-03-19 16:46:53.493000,2021-03-19 16:48:20.851000,87.358,55,816,0,100,2021-03-21 03:41:34.586000,2C804BBF,Joe Biden,United States,United States,Full-Time,English,United States,Female,No,
6054d5c5de9364fe68cf7191,5a9cc3cb1eda4100013675d0,APPROVED,2021-03-19 16:48:12.206000,2021-03-19 16:52:51.712000,279.506,39,296,0,100,2021-03-21 03:41:37.859000,2C804BBF,Joe Biden,United States,United States,"Not in paid work (e.g. homemaker', 'retired or disabled)",English,United States,Female,No,Democrat
6054d5e90a84dcdd68af4bdb,5c3d34e0e0ea820001460b7b,APPROVED,2021-03-19 16:48:46.329000,2021-03-19 16:50:53.202000,126.873,38,473,0,100,2021-03-21 03:41:39.546000,2C804BBF,Joe Biden,United States,United States,Full-Time,English,United States,Male,No,Democrat
6054d62ec9e2e1fa78fea52c,5e2b31856d1e38180da77784,APPROVED,2021-03-19 16:49:53.901000,2021-03-19 16:51:58.604000,124.703,30,655,0,100,2021-03-21 03:41:41.959000,2C804BBF,Joe Biden,United States,United States,Unemployed (and job seeking),English,United States,Female,No,Independent
6054d62f92324e2b55e851ef,5d2f3becd8c144000187438c,APPROVED,2021-03-19 16:51:26.133000,2021-03-19 16:52:29.642000,63.509,42,516,0,100,2021-03-21 03:41:44.724000,2C804BBF,Joe Biden,United States,United States,Full-Time,English,United States,Female,No,Democrat
6054d67cf127a383e4932e1c,5ff76d52a4cb3f434e49eabe,APPROVED,2021-03-19 16:51:13.431000,2021-03-19 16:52:43.222000,89.791,24,148,0,100,2021-03-21 03:41:46.945000,2C804BBF,Joe Biden,United States,United States,Part-Time,DATA EXPIRED,United States,Female,No,Independent
6054d6c1372c8341b9839aa7,5e2cc504032d282ef44a2c41,APPROVED,2021-03-19 16:52:25.952000,2021-03-19 16:54:06.463000,100.511,58,461,0,100,2021-03-21 03:41:48.537000,2C804BBF,Joe Biden,United States,United States,"Not in paid work (e.g. homemaker', 'retired or disabled)",English,United States,Female,No,Democrat
6054d718b862da3ee0e0dab6,5f6eedb50b7ced449ec0132b,APPROVED,2021-03-19 16:53:47.939000,2021-03-19 16:55:55.037000,127.098,36,141,4,96,2021-03-21 03:41:50.822000,2C804BBF,Joe Biden,Germany,United States,Full-Time,DATA EXPIRED,United States,Male,No,Democrat
6054d7667aa11b3c4eafe5e3,5e5572e0791e24052646b763,APPROVED,2021-03-19 16:55:04.587000,2021-03-19 16:56:07.303000,62.716,19,284,0,100,2021-03-21 03:41:52.125000,2C804BBF,Joe Biden,United States,United States,Other,English,United States,Female,Yes,Democrat
6054d7b953a91ce233bdc647,5efbe4f0c9f37c1a3b70afaf,APPROVED,2021-03-19 16:56:28.222000,2021-03-19 16:57:25.871000,57.649,20,553,0,100,2021-03-21 03:41:54.010000,2C804BBF,Joe Biden,United States,United States,Other,Spanish,United States,Male,Yes,Democrat
6054d80c412299abedbd6690,5a3bf28afbc64300010a2530,APPROVED,2021-03-19 16:57:51.260000,2021-03-19 16:59:23.326000,92.066,32,777,1,100,2021-03-21 03:41:56.330000,2C804BBF,Joe Biden,United States,United States,"Not in paid work (e.g. homemaker', 'retired or disabled)",English,United States,Female,No,
6054d81268edc4a870170cce,5e76d38fa5043924633c1fbe,APPROVED,2021-03-19 16:57:58.422000,2021-03-19 17:00:41.227000,162.805,23,128,1,100,2021-03-21 03:41:59.732000,2C804BBF,Joe Biden,United States,United States,Part-Time,English,United States,Female,No,Democrat
6054d892ccefc1d31ed3877b,5c471f433a307700017fc0dd,APPROVED,2021-03-19 17:00:06.854000,2021-03-19 17:02:07.198000,120.344,40,189,0,100,2021-03-21 03:42:01.296000,2C804BBF,Joe Biden,United States,United States,Full-Time,English,United States,Male,No,Independent
6054d90b9c0636394086bdbc,5db7e95a0b850e000f5e0b6f,APPROVED,2021-03-19 17:02:06.308000,2021-03-19 17:02:55.454000,49.146,27,773,5,99,2021-03-21 03:42:02.780000,2C804BBF,Joe Biden,United States,United States,Full-Time,English,United States,Male,Yes,Independent
6054d938e4428a5013a77496,5fb587707056a60c70ccf3ee,APPROVED,2021-03-19 17:02:52.084000,2021-03-19 17:04:01.977000,69.893,35,212,1,100,2021-03-21 03:42:05.961000,2C804BBF,Joe Biden,United States,United States,Full-Time,DATA EXPIRED,United States,Male,No,Democrat
6054d9726aa2cac25203ec5f,5dd3f00ba9ead03cde542872,APPROVED,2021-03-19 17:03:51.083000,2021-03-19 17:05:07.110000,76.027,42,293,0,100,2021-03-21 03:42:07.583000,2C804BBF,Joe Biden,United States,United States,Full-Time,English,United States,Female,No,Democrat
6054d97dc3f7f119f85f0a8d,600c3e0f1567013409d3a1e4,APPROVED,2021-03-19 17:04:01.211000,2021-03-19 17:05:34.481000,93.27,25,200,1,100,2021-03-21 03:42:09.351000,2C804BBF,Joe Biden,United States,United States,Full-Time,DATA EXPIRED,United States,Male,No,Democrat
6054d9ab664c14e4aeb585a3,5db9a46ff8e3f9000f88cb85,APPROVED,2021-03-19 17:04:48.320000,2021-03-19 17:07:52.365000,184.045,63,1007,1,100,2021-03-21 03:42:10.902000,2C804BBF,Joe Biden,United States,United States,Full-Time,English,United States,Male,No,Republican
6054d9cf136b75e20ba8e925,5ff7874cea58f6472e100fa7,APPROVED,2021-03-19 17:05:23.530000,2021-03-19 17:06:31.649000,68.119,28,80,0,100,2021-03-21 03:42:14.600000,2C804BBF,Joe Biden,United States,United States,Full-Time,DATA EXPIRED,United States,Male,No,Democrat
6054da1c231368ff7b72de21,5c8a09d09b87bc00171c71a6,APPROVED,2021-03-19 17:06:39.646000,2021-03-19 17:07:54.248000,74.602,20,302,2,100,2021-03-21 03:42:15.762000,2C804BBF,Joe Biden,United States,United States,Unemployed (and job seeking),Vietnamese,United States,Male,Yes,Independent
6054da3b26608784105cd82d,5f8c68e4fc66863c9a0150d5,APPROVED,2021-03-19 17:07:21.659000,2021-03-19 17:11:20.245000,238.586,46,284,0,100,2021-03-21 03:42:17.629000,2C804BBF,Joe Biden,United States,United States,Part-Time,DATA EXPIRED,United States,Female,No,Democrat
6054da4fbc7c2b912681c80e,5e28556d0a328c022e11f058,APPROVED,2021-03-19 17:07:30.847000,2021-03-19 17:09:21.471000,110.624,34,865,4,100,2021-03-21 03:42:19.245000,2C804BBF,Joe Biden,United States,United States,Part-Time,English,United States,Female,No,Democrat
6054da7131028e9cc1bb421c,5ebc6d34046b2a0bc9f2b3b8,APPROVED,2021-03-19 17:08:04.836000,2021-03-19 17:09:28.110000,83.274,23,522,1,100,2021-03-21 03:42:22.628000,2C804BBF,Joe Biden,United States,United States,"Not in paid work (e.g. homemaker', 'retired or disabled)",English,United States,Male,No,Democrat
6054da9bc70b90710dc7883c,5fae10b5fb87ff03a9885887,APPROVED,2021-03-19 17:08:45.854000,2021-03-19 17:10:33.783000,107.929,24,274,0,100,2021-03-21 03:42:25.072000,2C804BBF,Joe Biden,United States,United States,"Not in paid work (e.g. homemaker', 'retired or disabled)",DATA EXPIRED,United States,Female,Yes,Democrat
6054da9cb4e5efcbe45b30e8,5d655537fcc9f50018965125,APPROVED,2021-03-19 17:08:47.667000,2021-03-19 17:10:02.097000,74.43,27,839,2,100,2021-03-21 03:42:26.701000,2C804BBF,Joe Biden,United States,United States,Full-Time,English,United States,Female,No,Independent
6054da9f304d24f3b672a619,57f2da5c6c19420001438d19,APPROVED,2021-03-19 17:08:54.563000,2021-03-19 17:10:26.723000,92.16,45,1023,0,100,2021-03-21 03:42:30.019000,2C804BBF,Joe Biden,United States,United States,"Not in paid work (e.g. homemaker', 'retired or disabled)",English,United States,Female,No,Democrat
6054dacd460e9a35bb386281,5a78e410ae9a0b0001a97274,APPROVED,2021-03-19 17:09:38.019000,2021-03-19 17:11:19.659000,101.64,29,1015,1,100,2021-03-21 03:42:33.795000,2C804BBF,Joe Biden,United States,United States,"Not in paid work (e.g. homemaker', 'retired or disabled)",English,United States,Female,No,Democrat
6054db0c1661cb09232a120e,5d46927c85d859001a75c494,APPROVED,2021-03-19 17:10:39.329000,2021-03-19 17:13:12.827000,153.498,34,174,0,100,2021-03-21 03:42:37.396000,2C804BBF,Joe Biden,United States,United States,Full-Time,Tagalog-Filipino,United States,Female,No,Democrat
6054db5c19215be0622f3d98,5c1d9f0415a94b00018d7907,APPROVED,2021-03-19 17:12:01.177000,2021-03-19 17:13:24.037000,82.86,39,244,0,100,2021-03-21 03:42:39.023000,2C804BBF,Joe Biden,United States,United States,Full-Time,English,United States,Female,No,Democrat
6054dcf2625cf8a387e042f8,602b4d7efb5e6826b610a799,APPROVED,2021-03-19 17:18:46.308000,2021-03-19 17:20:16.415000,90.107,19,72,1,100,2021-03-21 03:42:40.619000,2C804BBF,Joe Biden,United States,United States,Other,DATA EXPIRED,United States,Female,Yes,Democrat
6054dd43a83a3d4a40c4ce70,5ac5374da3ba7a0001b4a75f,APPROVED,2021-03-19 17:20:08.824000,2021-03-19 17:21:49.245000,100.421,40,1095,0,100,2021-03-21 03:42:41.934000,2C804BBF,Joe Biden,United States,United States,Unemployed (and job seeking),English,United States,Male,No,Democrat
6054dd54e04ae0edf4b89b0b,60451b9a142989603652c689,APPROVED,2021-03-19 17:20:24.933000,2021-03-19 17:21:36.771000,71.838,41,38,0,100,2021-03-21 03:42:45.913000,2C804BBF,Joe Biden,United States,United States,Full-Time,,United States,Male,No,Independent
6054dd72026fd681cad3712a,5b68cd41263ecb0001343cb9,APPROVED,2021-03-19 17:20:52.981000,2021-03-19 17:21:51.256000,58.275,24,1128,1,100,2021-03-21 03:42:46.907000,2C804BBF,Joe Biden,United States,United States,"Not in paid work (e.g. homemaker', 'retired or disabled)",English,United States,Male,No,Independent
6054dd7f3cbb9dda46fe1a7e,6047c67513b4090721fd4dd3,APPROVED,2021-03-19 17:21:06.233000,2021-03-19 17:23:27.518000,141.285,26,13,1,98,2021-03-21 03:42:50.916000,2C804BBF,Joe Biden,United States,United States,Full-Time,,United States,Female,Yes,Democrat
6054dd991bfb3659e445e37f,5d40d1ba12426c00157d3c7e,APPROVED,2021-03-19 17:21:33.823000,2021-03-19 17:24:05.712000,151.889,28,324,0,100,2021-03-21 03:42:51.912000,2C804BBF,Joe Biden,United States,United States,Full-Time,English,United States,Male,No,Democrat
6054ddadf44b6212d7ed9ca0,5f4c6bee4aac5777aa9fc9cf,APPROVED,2021-03-19 17:21:52.970000,2021-03-19 17:22:39.150000,46.18,19,379,0,100,2021-03-21 03:42:53.995000,2C804BBF,Joe Biden,United States,United States,Unemployed (and job seeking),DATA EXPIRED,United States,Female,Yes,Independent
6054ddef1fbc19855c709c68,5e74c29fd5af7801167c41a6,APPROVED,2021-03-19 17:22:57.833000,2021-03-19 17:24:05.004000,67.171,33,378,1,100,2021-03-21 03:42:55.961000,2C804BBF,Joe Biden,United States,United States,Full-Time,English,United States,Female,No,Democrat
6054de099d8bde56e25861ec,590fca686d77630001d3a47d,APPROVED,2021-03-19 17:23:24.484000,2021-03-19 17:24:52.659000,88.175,35,27,0,100,2021-03-21 03:42:57.812000,2C804BBF,Joe Biden,United States,United States,Full-Time,English,United States,Female,No,Independent
6054de1e8763aaaf0b43398b,5ee10f445c27ee4ac61a579f,APPROVED,2021-03-19 17:23:45.376000,2021-03-19 17:25:35.818000,110.442,24,429,2,100,2021-03-21 03:42:59.009000,2C804BBF,Joe Biden,United States,United States,Unemployed (and job seeking),Spanish,United States,Female,No,Democrat
6054de2b150d2a65e0eaf962,5e39a96d3b3e431ca5a9c6e0,APPROVED,2021-03-19 17:24:00.933000,2021-03-19 17:26:04.333000,123.4,52,431,2,100,2021-03-21 03:43:00.978000,2C804BBF,Joe Biden,United States,United States,"Not in paid work (e.g. homemaker', 'retired or disabled)",English,United States,Male,No,Democrat
6054de3d7a761f25f8608633,601978b272f5e808b394198d,APPROVED,2021-03-19 17:24:34.978000,2021-03-19 17:26:14.493000,99.515,38,103,1,99,2021-03-21 03:43:03.234000,2C804BBF,Joe Biden,United States,United States,Full-Time,DATA EXPIRED,United States,Female,No,Independent
6054de60c5da9a637b895378,5c3156e88c6d820001abf5c6,APPROVED,2021-03-19 17:24:48.730000,2021-03-19 17:26:08.721000,79.991,31,1215,0,100,2021-03-21 03:43:04.409000,2C804BBF,Joe Biden,United States,United States,Full-Time,English,United States,Female,No,Democrat
6054de9ed990a2ad95757f28,5f430c46a5518f171572f8d1,APPROVED,2021-03-19 17:25:53.745000,2021-03-19 17:27:51.393000,117.648,20,385,0,100,2021-03-21 03:43:08.597000,2C804BBF,Joe Biden,United States,United States,DATA EXPIRED,DATA EXPIRED,United States,Female,Yes,Democrat
6054df3ae5086aef77562ecc,5ff0726b23b19b403bca39da,APPROVED,2021-03-19 17:28:49.140000,2021-03-19 17:30:11.694000,82.554,43,180,0,100,2021-03-21 03:43:10.619000,2C804BBF,Joe Biden,United States,United States,"Not in paid work (e.g. homemaker', 'retired or disabled)",DATA EXPIRED,United States,Female,No,Democrat
6054df571ebcca321c30faa0,5acb82c4e734400001da7c0d,APPROVED,2021-03-19 17:28:58.070000,2021-03-19 17:30:31.134000,93.064,34,872,0,100,2021-03-21 03:43:11.919000,2C804BBF,Joe Biden,United States,United States,"Not in paid work (e.g. homemaker', 'retired or disabled)",English,United States,Female,No,Democrat
6054df5d2bf337b7e6d7c764,5c313f27867f660001b0601c,APPROVED,2021-03-19 17:29:09.031000,2021-03-19 17:31:16.407000,127.376,64,1104,0,100,2021-03-21 03:43:15.290000,2C804BBF,Joe Biden,United States,United States,Part-Time,English,United States,Female,No,Democrat
6054df609d1e421bbabddc61,5f7505fcdf8706171b91857e,APPROVED,2021-03-19 17:29:07.356000,2021-03-19 17:32:19.231000,191.875,32,450,1,100,2021-03-21 03:43:19.170000,2C804BBF,Joe Biden,United States,United States,Part-Time,DATA EXPIRED,United States,Male,No,Democrat
6054df893c02c52d8a6a0753,5cd86ae74d179d001c529678,RETURNED,2021-03-19 17:29:52.326000,,879620.18923,20,1083,4,100,,,CONSENT REVOKED,CONSENT REVOKED,CONSENT REVOKED,CONSENT REVOKED,CONSENT REVOKED,CONSENT REVOKED,CONSENT REVOKED,CONSENT REVOKED,CONSENT REVOKED
6054dfd75ac17d7bfddfeab5,5e5b48b9576f69347e4fcc88,APPROVED,2021-03-19 17:31:07.552000,2021-03-19 17:32:54.966000,107.414,30,654,4,99,2021-03-21 03:43:21.432000,2C804BBF,Joe Biden,United States,United States,Full-Time,English,United States,Male,No,Democrat
6054dfeadee20b22dfc1aafd,5c227a64da51990001e1e0a2,APPROVED,2021-03-19 17:31:25.377000,2021-03-19 17:33:19.036000,113.659,38,1448,7,99,2021-03-21 03:43:24.196000,2C804BBF,Joe Biden,United States,United States,Full-Time,English,United States,Male,No,Republican
6054dffab856baf0e2146710,5f82b2eb7caf8a3ced8affa2,APPROVED,2021-03-19 17:31:41.763000,2021-03-19 17:33:10.727000,88.964,28,183,0,100,2021-03-21 03:43:28.865000,2C804BBF,Joe Biden,United States,United States,Full-Time,DATA EXPIRED,United States,Male,No,Independent
6054dffd7bdb8bfc8e73b349,5d48652e983b1e0019576359,APPROVED,2021-03-19 17:31:44.815000,2021-03-19 17:33:08.260000,83.445,31,280,0,100,2021-03-21 03:43:30.239000,2C804BBF,Joe Biden,United States,United States,Part-Time,English,United States,Female,No,Democrat
6054e009327098510ea0b501,6023d6c2657c850454e5a276,APPROVED,2021-03-19 17:31:55.512000,2021-03-19 17:32:54.134000,58.622,39,27,0,100,2021-03-21 03:43:32.160000,2C804BBF,Joe Biden,United States,United States,Full-Time,,United States,Female,No,Democrat
6054e01591011d0881998ae3,5f527d381b73b45422c50abf,APPROVED,2021-03-19 17:32:08.425000,2021-03-19 17:33:30.366000,81.941,32,281,3,99,2021-03-21 03:43:33.168000,2C804BBF,Joe Biden,United States,United States,Full-Time,DATA EXPIRED,United States,Female,No,Independent
6054e0c07b32d73252554c1c,5f8b90a4b237f91824a88aeb,APPROVED,2021-03-19 17:34:59.873000,2021-03-19 17:36:36.516000,96.643,48,376,0,100,2021-03-21 03:43:34.996000,2C804BBF,Joe Biden,United States,United States,"Not in paid work (e.g. homemaker', 'retired or disabled)",DATA EXPIRED,United States,Female,No,Democrat
6054e0dea0132b1b14f4a505,601602860be39376a6716185,APPROVED,2021-03-19 17:35:29.188000,2021-03-19 17:37:45.685000,136.497,26,94,0,100,2021-03-21 03:43:36.822000,2C804BBF,Joe Biden,United States,United States,Full-Time,,United States,Female,No,Independent
6054e0fb520ae6d8cb71c929,5e331023a48efa04edd6112d,APPROVED,2021-03-19 17:35:57.889000,2021-03-19 17:37:26.918000,89.029,23,357,1,100,2021-03-21 03:43:38.015000,2C804BBF,Joe Biden,United States,United States,Full-Time,Polish,United States,Male,No,Independent
6054e107a17da759607e5e86,5bf9afb9bef3a6000190644e,APPROVED,2021-03-19 17:36:15.143000,2021-03-19 17:37:27.071000,71.928,24,542,1,100,2021-03-21 03:43:40.074000,2C804BBF,Joe Biden,United States,United States,Part-Time,English,United States,Male,No,Democrat
6054e11b2bf337b7e6d7c789,5a94362e873cda0001dc66c9,APPROVED,2021-03-19 17:36:30.265000,2021-03-19 17:38:08.027000,97.762,30,1195,0,100,2021-03-21 03:43:42.588000,2C804BBF,Joe Biden,United States,United States,Full-Time,English,United States,Female,Yes,Democrat
6054e139d0d177f317225e52,5f27835438b9f85a6b9ebdb4,APPROVED,2021-03-19 17:37:01.497000,2021-03-19 17:39:06.728000,125.231,39,344,0,100,2021-03-21 03:43:46.691000,2C804BBF,Joe Biden,United States,United States,"Not in paid work (e.g. homemaker', 'retired or disabled)",English,United States,Female,No,Democrat
6054e13a310eddb580c96450,60351247578fd3c8a663ee03,APPROVED,2021-03-19 17:37:00.694000,2021-03-19 17:41:14.602000,253.908,45,121,0,100,2021-03-21 03:43:48.451000,2C804BBF,Joe Biden,United States,United States,Full-Time,,United States,Male,No,Independent
6054e13ab856baf0e214671d,5e666e4fc34e833dea58fe65,APPROVED,2021-03-19 17:37:02.639000,2021-03-19 17:39:14.586000,131.947,25,447,1,100,2021-03-21 03:43:49.901000,2C804BBF,Joe Biden,United States,United States,Due to start a new job within the next month,Spanish,United States,Female,No,Democrat
6054e183e6778313a6b7a01c,5ddaf0367b6a66a581e854a9,APPROVED,2021-03-19 17:38:15.347000,2021-03-19 17:40:15.717000,120.37,34,532,0,100,2021-03-21 03:43:51.969000,2C804BBF,Joe Biden,United States,United States,Full-Time,English,United States,Male,No,Democrat
6054e19263cd21687b944a63,5c6deaa84e43fe0001b4544d,APPROVED,2021-03-19 17:38:30.214000,2021-03-19 17:40:57.321000,147.107,32,1298,0,100,2021-03-21 03:43:54.407000,2C804BBF,Joe Biden,China,United States,Full-Time,Chinese,United States,Male,No,Democrat
6054e1be0990d8a76849e978,6025772d06a2260f121462a7,RETURNED,2021-03-19 17:58:34.940000,,877897.782767,34,142,0,100,,,CONSENT REVOKED,CONSENT REVOKED,CONSENT REVOKED,CONSENT REVOKED,CONSENT REVOKED,CONSENT REVOKED,CONSENT REVOKED,CONSENT REVOKED,CONSENT REVOKED
6054e2450ea38bb5ec009c7c,604a04f05c2db83ece913728,APPROVED,2021-03-19 17:41:30.646000,2021-03-19 17:42:44.277000,73.631,24,38,0,100,2021-03-21 03:43:58.810000,2C804BBF,Joe Biden,United States,United States,Part-Time,,United States,Female,No,Independent
6054e27193202eef80dfa7b3,5fa00df9f09b1d00088801ee,APPROVED,2021-03-19 17:42:14.244000,2021-03-19 17:44:11.661000,117.417,36,355,1,100,2021-03-21 03:44:00.133000,2C804BBF,Joe Biden,United States,United States,Full-Time,DATA EXPIRED,United States,Female,No,Democrat
6054e2c7e044f1b83aeeb0ab,5f00bbd203e3291e95806b56,APPROVED,2021-03-19 17:43:37.541000,2021-03-19 17:46:17.810000,160.269,22,456,0,100,2021-03-21 03:44:01.905000,2C804BBF,Joe Biden,United States,United States,Part-Time,English,United States,Female,No,Democrat
6054e2e179cda78af20889b9,5f75439ff192151bbbf1a09c,APPROVED,2021-03-19 17:44:05.047000,2021-03-19 17:45:54.045000,108.998,21,195,1,100,2021-03-21 03:44:04.116000,2C804BBF,Joe Biden,Belarus,United States,Unemployed (and job seeking),DATA EXPIRED,United States,Female,Yes,Democrat
6054e2ffa2392b6a977dbb1e,5fb7ee9c8e8e961eaba3394c,APPROVED,2021-03-19 17:44:35.206000,2021-03-19 17:46:00.887000,85.681,35,268,0,100,2021-03-21 03:44:05.482000,2C804BBF,Joe Biden,United States,United States,Full-Time,DATA EXPIRED,United States,Female,No,Independent
6054e3229648e93895ddfed6,6019bbb66e5c2815ba3728b6,APPROVED,2021-03-19 17:45:10.824000,2021-03-19 17:47:49.916000,159.092,37,131,0,100,2021-03-21 03:44:07.350000,2C804BBF,Joe Biden,United States,United States,"Not in paid work (e.g. homemaker', 'retired or disabled)",DATA EXPIRED,United States,Female,No,Democrat
6054e34b3cd63cff90680878,5b1962c551d4eb0001bf968b,APPROVED,2021-03-19 17:45:49.832000,2021-03-19 17:48:04.556000,134.724,22,662,0,100,2021-03-21 03:44:08.567000,2C804BBF,Joe Biden,United States,United States,Unemployed (and job seeking),English,United States,Male,No,Independent
6054e3515ac17d7bfddfeaca,5dad33e617ce000016de39fa,APPROVED,2021-03-19 17:46:01.928000,2021-03-19 17:50:00.313000,238.385,24,996,1,100,2021-03-21 03:44:11.345000,2C804BBF,Joe Biden,United States,United States,"Not in paid work (e.g. homemaker', 'retired or disabled)",English,United States,Female,No,Democrat
6054e35b427bb0f7c9cfe421,59339542bef6820001ab9ec5,APPROVED,2021-03-19 17:46:06.740000,2021-03-19 17:47:19.088000,72.348,21,256,0,100,2021-03-21 03:44:14.914000,2C804BBF,Joe Biden,United States,United States,Full-Time,English,United States,Male,No,Republican
6054e38475efca3b13502e66,5e08389f67f170185698a2be,RETURNED,2021-03-19 17:56:44.687000,,878008.154915,25,629,2,100,,,CONSENT REVOKED,CONSENT REVOKED,CONSENT REVOKED,CONSENT REVOKED,CONSENT REVOKED,CONSENT REVOKED,CONSENT REVOKED,CONSENT REVOKED,CONSENT REVOKED
6054e39841372ac12d38c208,5fbc184314992d0a49490a1e,APPROVED,2021-03-19 17:47:04.256000,2021-03-19 17:48:21.473000,77.217,19,258,0,100,2021-03-21 03:44:16.447000,2C804BBF,Joe Biden,United States,United States,Other,DATA EXPIRED,United States,Male,Yes,Democrat
6054e3a54a7ed842df2a3ca8,60123cfb8875152734ebc108,APPROVED,2021-03-19 17:47:22.065000,2021-03-19 17:49:35.815000,133.75,29,16,0,100,2021-03-21 03:44:18.291000,2C804BBF,Joe Biden,United States,United States,Full-Time,,United States,Female,No,Independent
6054e3d00583ef9100861f25,5fff1c414aaf1d669ecc95e5,APPROVED,2021-03-19 17:48:02.900000,2021-03-19 17:48:45.612000,42.712,19,228,0,100,2021-03-21 03:44:19.289000,2C804BBF,Joe Biden,United States,United States,Unemployed (and job seeking),DATA EXPIRED,United States,Male,Yes,Democrat
6054e3dbeb2d19f2db98b2a9,5d8a5f4a98c9cb00019998f6,APPROVED,2021-03-19 17:48:14.601000,2021-03-19 17:50:44.901000,150.3,33,749,0,100,2021-03-21 03:44:20.976000,2C804BBF,Joe Biden,United States,United States,Part-Time,English,United States,Female,Yes,Democrat
6054e3f7dd99f479accbc986,5deebb555c4435044e648c7f,APPROVED,2021-03-19 17:48:43.215000,2021-03-19 17:52:23.381000,220.166,43,413,0,100,2021-03-21 03:44:23.681000,2C804BBF,Joe Biden,United States,United States,Part-Time,English,United States,Female,No,Independent
6054e457164d62d1477a7c06,5cd07b16df63ac00183d9f52,APPROVED,2021-03-19 17:50:17.907000,2021-03-19 17:52:57.905000,159.998,27,356,0,100,2021-03-21 03:44:25.834000,2C804BBF,Joe Biden,United States,United States,Full-Time,English,United States,Female,No,Democrat
6054e4846ffa791468cbe0f3,5e85efd69c5a6f1ec0d97903,APPROVED,2021-03-19 17:51:02.413000,2021-03-19 17:52:14.732000,72.319,30,681,0,100,2021-03-21 03:44:27.656000,2C804BBF,Joe Biden,United States,United States,Full-Time,Chinese,United States,Female,No,Democrat
6054e4a091011d0881998b21,5ec7fea63ef2412a6490af23,APPROVED,2021-03-19 17:51:27.996000,2021-03-19 17:52:39.403000,71.407,18,267,2,100,2021-03-21 03:44:30.611000,2C804BBF,Joe Biden,United States,United States,Part-Time,English,United States,Male,No,Democrat
6054e4bebbb56ebda917e55f,5947f37ff154200001b51473,APPROVED,2021-03-19 17:52:01.505000,2021-03-19 17:53:38.327000,96.822,25,621,2,100,2021-03-21 03:44:32.711000,2C804BBF,Joe Biden,United States,United States,Full-Time,English,United States,Male,No,Democrat
6054e4c8b8a0d446e00be605,5b9da4cbd1ff7a00013bb55d,APPROVED,2021-03-19 17:52:12.188000,2021-03-19 17:54:01.913000,109.725,32,98,0,100,2021-03-21 03:44:35.389000,2C804BBF,Joe Biden,United States,United States,Full-Time,English,United States,Female,No,Independent
6054e4e5fb9d960109d55093,5c7f6e35ea9ae00014f48533,APPROVED,2021-03-19 17:52:39.158000,2021-03-19 17:54:28.570000,109.412,21,153,0,100,2021-03-21 03:44:36.965000,2C804BBF,Joe Biden,United States,United States,Part-Time,,United States,Female,Yes,Independent
6054e4ed8481ba319cb064e1,5fe1b5046395d9c5415298c6,APPROVED,2021-03-19 17:52:48.686000,2021-03-19 17:55:52.610000,183.924,19,174,0,100,2021-03-21 03:44:38.276000,2C804BBF,Joe Biden,United States,United States,Full-Time,DATA EXPIRED,United States,Male,No,Republican
6054e4fd9d93f7a154a00bea,5eb3d066d0e0231abd2cedc0,APPROVED,2021-03-19 17:53:05.593000,2021-03-19 17:54:57.030000,111.437,21,394,0,100,2021-03-21 03:44:39.861000,2C804BBF,Joe Biden,United States,United States,Part-Time,English,United States,Female,Yes,Democrat
6054e515ac440578c3b05850,5f805b5083d6c606c56d7cbd,APPROVED,2021-03-19 17:53:27.441000,2021-03-19 17:54:43.203000,75.762,23,311,0,100,2021-03-21 03:44:41.693000,2C804BBF,Joe Biden,Guyana,United States,Unemployed (and job seeking),DATA EXPIRED,United States,Female,No,Democrat
6054e51e700ead9f745dcc54,5f39ae82822a9e558a63d053,APPROVED,2021-03-19 17:53:37.712000,2021-03-19 17:55:33.283000,115.571,29,499,0,100,2021-03-21 03:44:43.606000,2C804BBF,Joe Biden,United States,United States,Full-Time,DATA EXPIRED,United States,Female,No,Democrat
6054e53c5335a904ce43bfe1,5a1f24609b760100013a8c1b,APPROVED,2021-03-19 17:54:08.722000,2021-03-19 17:55:18.384000,69.662,23,652,3,99,2021-03-21 03:44:45.740000,2C804BBF,Joe Biden,United States,United States,Part-Time,English,United States,Female,Yes,Democrat
6054e54eb8d0a76445ab429b,6036e282c0a11f1da6426adf,APPROVED,2021-03-19 17:54:26.113000,2021-03-19 17:55:22.085000,55.972,20,41,0,100,2021-03-21 03:44:48.567000,2C804BBF,Joe Biden,United States,United States,Unemployed (and job seeking),,United States,Male,Yes,Democrat
6054e5534a1c4c475edbe165,6035db850fe313c97f73c0b6,APPROVED,2021-03-19 17:54:30.433000,2021-03-19 17:56:36.653000,126.22,35,25,0,100,2021-03-21 03:44:49.538000,2C804BBF,Joe Biden,United States,United States,Unemployed (and job seeking),DATA EXPIRED,United States,Female,No,Independent
6054e566471f19a64d5d6e5a,60284cea4a17886f3883c1bd,APPROVED,2021-03-19 17:54:50.112000,2021-03-19 17:56:25.156000,95.044,32,80,2,98,2021-03-21 03:44:50.812000,2C804BBF,Joe Biden,United States,United States,Full-Time,DATA EXPIRED,United States,Female,No,Democrat
6054e5783d6c5bc9927abba5,5fc8b8c6945149262efd7c9e,APPROVED,2021-03-19 17:55:07.642000,2021-03-19 17:55:34.264000,26.622,52,155,1,99,2021-03-25 02:38:30.714000,NOCODE,Joe Biden,United States,United States,Part-Time,,United States,Male,No,Independent
6054e582b0196477fbd70f46,5e7fe0a46db6e86cd7c6b213,APPROVED,2021-03-19 17:55:21.043000,2021-03-19 17:56:37.293000,76.25,46,585,0,100,2021-03-21 03:44:51.888000,2C804BBF,Joe Biden,United States,United States,Other,English,United States,Female,No,Democrat
6054e58ce4636db55784a698,5ede4b8aea175008314f39c0,APPROVED,2021-03-19 17:55:28.153000,2021-03-19 17:56:25.051000,56.898,28,404,10,95,2021-03-21 03:44:54.540000,2C804BBF,Joe Biden,United States,United States,Full-Time,English,United States,Female,Yes,Democrat
6054e59746ff794d47e52b41,5daa79d095be5f0017360d60,APPROVED,2021-03-19 17:55:38.494000,2021-03-19 17:56:18.220000,39.726,33,804,2,100,2021-03-21 03:44:56.452000,2C804BBF,Joe Biden,United States,United States,Full-Time,English,United States,Male,No,Democrat
6054e59f081996fbdab8d6fd,6022e07fc505eb0d2bbf0040,APPROVED,2021-03-19 17:55:47.801000,2021-03-19 17:56:44.186000,56.385,38,67,5,89,2021-03-21 03:44:59.595000,2C804BBF,Joe Biden,United States,United States,Full-Time,,United States,Female,No,Democrat
6054e5ae9c5b07dc3d5d62a5,5caa0fdf92fdc200019ea297,APPROVED,2021-03-19 17:56:03.031000,2021-03-19 17:57:48.033000,105.002,36,371,4,99,2021-03-21 03:45:00.606000,2C804BBF,Joe Biden,United States,United States,Full-Time,English,United States,Male,No,Independent
6054e5e1858393738fac55c2,5fdfb95fdfad1586e0aa406e,APPROVED,2021-03-19 17:57:04.776000,2021-03-19 17:59:33.117000,148.341,18,82,0,100,2021-03-21 03:45:02.743000,2C804BBF,Joe Biden,Puerto Rico,United States,Unemployed (and job seeking),DATA EXPIRED,United States,Female,Yes,Democrat
6054e5f00fedcbddd08d7c62,5f8d33b7ec24b1000bf6709f,APPROVED,2021-03-19 17:57:07.797000,2021-03-19 18:00:12.715000,184.918,35,314,0,100,2021-03-21 03:45:03.881000,2C804BBF,Joe Biden,United States,United States,Full-Time,DATA EXPIRED,United States,Male,No,Democrat
6054e5f5f966a84b98ec0c7e,5cf7df5a8e098100184cbf43,APPROVED,2021-03-19 17:57:13.091000,2021-03-19 17:58:42.688000,89.597,30,1456,0,100,2021-03-21 03:45:05.813000,2C804BBF,Joe Biden,United States,United States,Full-Time,English,United States,Male,No,Democrat
6054e62a98e3c28d5f873d54,57509d9b363e77000695620b,APPROVED,2021-03-19 17:58:06.647000,2021-03-19 17:59:40.653000,94.006,67,792,1,100,2021-03-21 03:45:10.512000,2C804BBF,Joe Biden,United States,United States,"Not in paid work (e.g. homemaker', 'retired or disabled)",English,United States,Female,No,Democrat
6054e63a24fd68c74ff1bc61,57d5593f8dcd2c00014bc55b,APPROVED,2021-03-19 17:58:21.684000,2021-03-19 18:10:14.267000,712.583,39,1022,3,100,2021-03-21 03:45:13.452000,2C804BBF,Joe Biden,United States,United States,Full-Time,English,United States,Male,No,
6054e646a190e2d6bb6b1932,5ee0f7dc10f0300ba958afba,APPROVED,2021-03-19 17:58:36.260000,2021-03-19 18:00:24.040000,107.78,22,401,1,100,2021-03-21 03:45:17.187000,2C804BBF,Joe Biden,United States,United States,Full-Time,English,United States,Female,No,Democrat
6054e65a3c2870ef177cf68f,5ee1aff5d156f20008c98012,APPROVED,2021-03-19 17:58:52.964000,2021-03-19 18:00:37.818000,104.854,19,517,1,100,2021-03-21 03:45:19.406000,2C804BBF,Joe Biden,United States,United States,Unemployed (and job seeking),English,United States,Male,Yes,Democrat
6054e67519d60106c1673db6,5fd635f885f88c4eb1933640,APPROVED,2021-03-19 17:59:21.480000,2021-03-19 18:03:38.247000,256.767,31,274,1,100,2021-03-21 03:45:21.598000,2C804BBF,Joe Biden,United States,United States,DATA EXPIRED,DATA EXPIRED,United States,Male,No,Democrat
6054e675da9faeaa366ddb08,5fed195913597ca72969c47c,APPROVED,2021-03-19 17:59:21.510000,2021-03-19 18:00:35.973000,74.463,35,311,0,100,2021-03-21 03:45:23.415000,2C804BBF,Joe Biden,United States,United States,Full-Time,DATA EXPIRED,United States,Male,No,Democrat
6054e67da9d5ea1a3150641d,5ffa6de08f000544283018dd,APPROVED,2021-03-19 17:59:29.354000,2021-03-19 18:01:59.361000,150.007,40,204,1,100,2021-03-21 03:45:25.005000,2C804BBF,Joe Biden,United States,United States,Full-Time,DATA EXPIRED,United States,Male,No,Democrat
6054e6a7dd0f959690ac3e5c,5f9376cd725acb15ed59a6f2,APPROVED,2021-03-19 18:00:10.458000,2021-03-19 18:02:15.638000,125.18,31,327,0,100,2021-03-21 03:45:26.658000,2C804BBF,Joe Biden,United States,United States,"Not in paid work (e.g. homemaker', 'retired or disabled)",DATA EXPIRED,United States,Female,No,Independent
6054e6b172b17c337772b554,59ba2a6e6495ef00019fbd70,APPROVED,2021-03-19 18:00:21.396000,2021-03-19 18:02:49.230000,147.834,55,1602,4,100,2021-03-21 03:45:28.363000,2C804BBF,Joe Biden,United States,United States,"Not in paid work (e.g. homemaker', 'retired or disabled)",English,United States,Male,No,Democrat
6054e6b50b3b29d765d2d690,604f837532e0c48052a6e458,APPROVED,2021-03-19 18:00:25.308000,2021-03-19 18:01:37.059000,71.751,36,28,0,100,2021-03-21 03:45:33.458000,2C804BBF,Joe Biden,United States,United States,Other,,United States,Male,Yes,Democrat
6054e6cce641175326cec939,5c6b06511519ac0001668c26,APPROVED,2021-03-19 18:00:47.251000,2021-03-19 18:02:14.805000,87.554,29,799,0,100,2021-03-21 03:45:34.774000,2C804BBF,Joe Biden,United States,United States,Full-Time,English,United States,Male,No,Democrat
6054e6d24ddcbe0999b18b90,5dcb24a0f3795b7f9c72b6ec,APPROVED,2021-03-19 18:00:56.081000,2021-03-19 18:03:34.550000,158.469,42,765,2,100,2021-03-21 03:45:37.720000,2C804BBF,Joe Biden,Trinidad and Tobago,United States,"Not in paid work (e.g. homemaker', 'retired or disabled)",English,United States,Male,No,Democrat
6054e6e14a1c4c475edbe171,5f430d7837655454911d1d12,APPROVED,2021-03-19 18:01:12.116000,2021-03-19 18:03:02.617000,110.501,63,293,1,100,2021-03-21 03:45:40.840000,2C804BBF,Joe Biden,United States,United States,"Not in paid work (e.g. homemaker', 'retired or disabled)",DATA EXPIRED,United States,Female,No,Democrat
6054e6e2d73157db61cc59a8,5fbb596c80c1d0c6fcb72eb4,APPROVED,2021-03-19 18:01:09.882000,2021-03-19 18:03:07.827000,117.945,34,353,2,100,2021-03-21 03:45:42.739000,2C804BBF,Joe Biden,United States,United States,Full-Time,DATA EXPIRED,United States,Female,No,Democrat
6054e6faf15f012d32df0a02,5dd6eb09a4aa2668d085619a,APPROVED,2021-03-19 18:01:33.836000,2021-03-19 18:03:01.404000,87.568,27,717,1,100,2021-03-21 03:45:44.471000,2C804BBF,Joe Biden,United States,United States,Full-Time,English,United States,Female,No,Independent
6054e70807ce31b019563027,5d1653de3935ca001b87ff71,APPROVED,2021-03-19 18:01:46.412000,2021-03-19 18:03:43.091000,116.679,26,831,1,100,2021-03-21 03:45:47.435000,2C804BBF,Joe Biden,United States,United States,Part-Time,English,United States,Female,No,Democrat
6054e70d13136ea67edae457,5bc0929b23d6170001b92120,APPROVED,2021-03-19 18:01:53.356000,2021-03-19 18:03:23.502000,90.146,59,1324,0,100,2021-03-21 03:45:50.455000,2C804BBF,Joe Biden,United States,United States,Part-Time,English,United States,Female,No,Democrat
6054e712f2c090c27567cd9b,603045b710c7c1eb49bed154,APPROVED,2021-03-19 18:01:57.406000,2021-03-19 18:03:37.565000,100.159,19,95,0,100,2021-03-21 03:45:54.909000,2C804BBF,Joe Biden,United States,United States,Part-Time,,United States,Male,No,Democrat
6054e724e407e95a0f3bcc0c,600f866735414d1875345b92,APPROVED,2021-03-19 18:02:16.624000,2021-03-19 18:03:42.700000,86.076,25,180,0,100,2021-03-21 03:45:56.346000,2C804BBF,Joe Biden,United States,United States,Full-Time,DATA EXPIRED,United States,Female,Yes,Democrat
6054e73198e3c28d5f873d5d,5e7e659ae47a3d5249d9bd9e,APPROVED,2021-03-19 18:02:29.924000,2021-03-19 18:12:03.390000,573.466,41,663,3,100,2021-03-21 03:45:57.608000,2C804BBF,Joe Biden,United States,United States,Full-Time,English,United States,Female,No,Independent
6054e7342a304499edcee761,5fbbe3a696d6300008af539d,APPROVED,2021-03-19 18:02:28.405000,2021-03-19 18:04:59.432000,151.027,32,256,0,100,2021-03-21 03:46:00.300000,2C804BBF,Joe Biden,United States,United States,Unemployed (and job seeking),DATA EXPIRED,United States,Male,No,Democrat
6054e74c4322d8762943c387,5e9f12398bee3106d8a13131,APPROVED,2021-03-19 18:04:04.910000,2021-03-19 18:08:05.362000,240.452,36,433,2,100,2021-03-21 03:46:01.837000,2C804BBF,Joe Biden,United States,United States,Part-Time,English,United States,Female,No,Democrat
6054e75703dcc19d187b80df,5f289485f876761d798df65c,APPROVED,2021-03-19 18:03:06.358000,2021-03-19 18:04:50.664000,104.306,29,263,1,100,2021-03-21 03:46:04.058000,2C804BBF,Joe Biden,United States,United States,Due to start a new job within the next month,DATA EXPIRED,United States,Female,No,Democrat
6054e75d996accdb87afd1d5,568e7f66e3ef9e000ba1a089,APPROVED,2021-03-19 18:03:14.086000,2021-03-19 18:05:42.090000,148.004,62,1038,2,100,2021-03-21 03:46:05.549000,2C804BBF,Joe Biden,United States,United States,"Not in paid work (e.g. homemaker', 'retired or disabled)",English,United States,Female,No,
6054e76212c01aa6a13fcf6d,5f5561166d9ce792e07134e2,APPROVED,2021-03-19 18:03:20.068000,2021-03-19 18:05:43.330000,143.262,26,442,0,100,2021-03-21 03:46:09.464000,2C804BBF,Joe Biden,United States,United States,Unemployed (and job seeking),DATA EXPIRED,United States,Male,No,Democrat
6054e76fa2992c5537b33028,5ef2d157c9260013fe94d10d,APPROVED,2021-03-19 18:03:30.637000,2021-03-19 18:05:13.692000,103.055,51,261,2,100,2021-03-21 03:46:11.465000,2C804BBF,Joe Biden,United States,United States,Full-Time,English,United States,Female,No,Republican
6054e7736efdf83b866586d0,5a6fc955f1530b000103b60a,APPROVED,2021-03-19 18:03:33.580000,2021-03-19 18:05:43.459000,129.879,23,121,0,100,2021-03-21 03:46:13.325000,2C804BBF,Joe Biden,United States,United States,Part-Time,English,United States,Male,No,Democrat
6054e77b11b5533d941d6a3a,5f4907ec00953f091658838a,APPROVED,2021-03-19 18:03:44.755000,2021-03-19 18:08:25.667000,280.912,19,207,1,99,2021-03-21 03:46:14.536000,2C804BBF,Joe Biden,United States,United States,Unemployed (and job seeking),DATA EXPIRED,United States,Male,Yes,Independent
6054e781aba6afb0ec814bbc,5fa62963d5f64b209953d321,APPROVED,2021-03-19 18:03:48.894000,2021-03-19 18:05:34.624000,105.73,29,375,0,100,2021-03-21 03:46:16.208000,2C804BBF,Joe Biden,United States,United States,Full-Time,DATA EXPIRED,United States,Female,No,Democrat
6054e79b2e549d0dbfadaf26,5fbb062e91513797e214827d,APPROVED,2021-03-19 18:04:15.432000,2021-03-19 18:05:56.521000,101.089,64,333,1,100,2021-03-21 03:46:18.019000,2C804BBF,Joe Biden,Turkey,United States,Other,DATA EXPIRED,United States,Female,No,Democrat
6054e7a37e9527c1348d8665,5dd7b300a71de875640dc574,APPROVED,2021-03-19 18:04:25.673000,2021-03-19 18:06:53.342000,147.669,47,524,2,100,2021-03-21 03:46:19.956000,2C804BBF,Joe Biden,United States,United States,Full-Time,English,United States,Male,No,Democrat
6054e7aa0fedcbddd08d7c82,5f52b10e0193bb5acbea65f3,APPROVED,2021-03-19 18:04:28.089000,2021-03-19 18:05:39.131000,71.042,20,422,3,99,2021-03-21 03:46:22.118000,2C804BBF,Joe Biden,United States,United States,Part-Time,DATA EXPIRED,United States,Female,Yes,Democrat
6054e7ce2ac1492cb49a0a87,5f978c9948915015fb3bd00a,APPROVED,2021-03-19 18:05:05.149000,2021-03-19 18:06:26.563000,81.414,29,248,0,100,2021-03-21 03:46:24.391000,2C804BBF,Joe Biden,United States,United States,Full-Time,DATA EXPIRED,United States,Female,Yes,Democrat
6054e7e9fbd75beb3ac22052,5e8dfc8cf5166b0948471621,RETURNED,2021-03-19 18:15:29.426000,,876884.189568,47,706,1,100,,,CONSENT REVOKED,CONSENT REVOKED,CONSENT REVOKED,CONSENT REVOKED,CONSENT REVOKED,CONSENT REVOKED,CONSENT REVOKED,CONSENT REVOKED,CONSENT REVOKED
6054e7ec3157ed82470e39bc,5f21c73f0c3a4916b48c1d61,APPROVED,2021-03-19 18:05:47.752000,2021-03-19 18:07:09.458000,81.706,26,268,0,100,2021-03-21 03:46:25.962000,2C804BBF,Joe Biden,United States,United States,Part-Time,English,United States,Female,Yes,Democrat
6054e7edb052b7496d4bbd66,5c2986b9fd51b80001dd89d6,APPROVED,2021-03-19 18:05:36.672000,2021-03-19 18:07:23.807000,107.135,25,305,2,100,2021-03-21 03:46:27.833000,2C804BBF,Joe Biden,Australia,United States,Full-Time,English,United States,Female,No,Democrat
6054e809f89364d509e6ae57,5f4d68285a01eea23f58ac1d,APPROVED,2021-03-19 18:06:04.215000,2021-03-19 18:07:45.259000,101.044,33,398,1,100,2021-03-21 03:46:29.423000,2C804BBF,Joe Biden,United States,United States,Unemployed (and job seeking),DATA EXPIRED,United States,Male,No,Democrat
6054e81df59365a0b4839270,5f47d4de030fef1fbb2221d9,APPROVED,2021-03-19 18:06:24.629000,2021-03-19 18:07:26.519000,61.89,29,481,2,100,2021-03-21 03:46:31.303000,2C804BBF,Joe Biden,United States,United States,Full-Time,DATA EXPIRED,United States,Female,No,Independent
6054e821aba6afb0ec814bc0,600edb0946cf807f2c08cf95,APPROVED,2021-03-19 18:06:28.264000,2021-03-19 18:07:48.123000,79.859,28,136,2,99,2021-03-21 03:46:33.655000,2C804BBF,Joe Biden,United States,United States,Unemployed (and job seeking),,United States,Male,No,Independent
6054e8260fedcbddd08d7c8c,5f8e037dd8abc81aaede7728,APPROVED,2021-03-19 18:06:36.307000,2021-03-19 18:12:44.455000,368.148,29,190,1,100,2021-03-21 03:46:34.884000,2C804BBF,Joe Biden,United States,United States,"Not in paid work (e.g. homemaker', 'retired or disabled)",DATA EXPIRED,United States,Female,No,Democrat
6054e827f4994cc01bf75a22,5e81b80102677c89a6bfa9a0,APPROVED,2021-03-19 18:06:39.899000,2021-03-19 18:07:43.685000,63.786,20,639,0,100,2021-03-21 03:46:36.568000,2C804BBF,Joe Biden,United States,United States,Unemployed (and job seeking),English,United States,Male,Yes,Democrat
6054e84defd68f15e896f1cf,5fc748d7b4ebab1755adad17,APPROVED,2021-03-19 18:07:13.693000,2021-03-19 18:09:07.942000,114.249,26,244,0,100,2021-03-21 03:46:39.027000,2C804BBF,Joe Biden,United States,United States,Unemployed (and job seeking),DATA EXPIRED,United States,Male,No,Democrat
6054e850996accdb87afd1e8,5ba18771e671c600012322e4,APPROVED,2021-03-19 18:07:16.412000,2021-03-19 18:09:00.633000,104.221,47,1053,3,100,2021-03-21 03:46:40.848000,2C804BBF,Joe Biden,United States,United States,Full-Time,English,United States,Female,No,Democrat
6054e857a1d4093fc25b3a9e,5fd278c22c106c0008ec188c,APPROVED,2021-03-19 18:07:23.859000,2021-03-19 18:08:46.179000,82.32,21,289,1,100,2021-03-21 03:46:44.298000,2C804BBF,Joe Biden,United States,United States,Part-Time,DATA EXPIRED,United States,Female,Yes,Democrat
6054e8741a97c21c75c9b894,5d4c78071b920f00198e8533,APPROVED,2021-03-19 18:07:52.994000,2021-03-19 18:09:06.748000,73.754,51,881,0,100,2021-03-21 03:46:46.151000,2C804BBF,Joe Biden,United States,United States,Part-Time,English,United States,Female,No,Democrat
6054e874803b92aa3a537911,5e6c057dbc9dab1ba2c5bac4,APPROVED,2021-03-19 18:08:06.647000,2021-03-19 18:12:18.877000,252.23,67,565,6,98,2021-03-21 03:46:49.392000,2C804BBF,Joe Biden,United States,United States,Other,English,United States,Male,No,Democrat
6054e877996accdb87afd1eb,5bbbca5d63ea8a00019bd7fa,APPROVED,2021-03-19 18:07:55.074000,2021-03-19 18:09:23.527000,88.453,32,381,0,100,2021-03-21 03:46:51.675000,2C804BBF,Joe Biden,United States,United States,Full-Time,English,United States,Female,No,Democrat
6054e882b25737dac956445d,5fae4da3bf842d08cfd0dcc6,APPROVED,2021-03-19 18:08:05.406000,2021-03-19 18:10:21.792000,136.386,18,20,0,100,2021-03-21 03:46:53.498000,2C804BBF,Joe Biden,United States,United States,,,United States,Female,Yes,Independent
6054e8a4c8434d1e33e6e277,59c65eb83306be000195bb01,APPROVED,2021-03-19 18:08:49.065000,2021-03-19 18:12:29.107000,220.042,74,1569,2,100,2021-03-21 03:46:54.698000,2C804BBF,Joe Biden,United States,United States,"Not in paid work (e.g. homemaker', 'retired or disabled)",English,United States,Male,No,Democrat
6054e8b4a81895648d1b6b04,5e52d0122f5f952f2a7b6b28,APPROVED,2021-03-19 18:08:54.805000,2021-03-19 18:10:14.494000,79.689,36,531,0,100,2021-03-21 03:46:59.638000,2C804BBF,Joe Biden,United States,United States,Part-Time,English,United States,Male,No,Independent
6054e8c661cbf4899e3506d7,55f5e5e132af740012171c62,APPROVED,2021-03-19 18:09:13.221000,2021-03-19 18:10:43.358000,90.137,45,1368,4,100,2021-03-21 03:47:01.825000,2C804BBF,Joe Biden,United States,United States,Part-Time,English,United States,Female,Yes,Independent
6054e8cddca82d81ac29b73c,5f6531752676190a2ac1b2bc,APPROVED,2021-03-19 18:09:27.776000,2021-03-19 18:12:07.144000,159.368,40,120,0,100,2021-03-21 03:47:06.442000,2C804BBF,Joe Biden,United States,United States,"Not in paid work (e.g. homemaker', 'retired or disabled)",,United States,Female,No,Democrat
6054e8e69ab79be38ba66b97,5d34de398f657e00150dd0d5,APPROVED,2021-03-19 18:09:45.357000,2021-03-19 18:11:01.336000,75.979,59,836,0,100,2021-03-21 03:47:08.044000,2C804BBF,Joe Biden,United States,United States,Unemployed (and job seeking),English,United States,Male,No,Democrat
6054e8e988170e051124e934,5fc8508f0471701df9ffd9cf,APPROVED,2021-03-19 18:09:48.542000,2021-03-19 18:11:56.172000,127.63,33,243,1,100,2021-03-21 03:47:11.062000,2C804BBF,Joe Biden,United States,United States,Full-Time,DATA EXPIRED,United States,Male,No,Democrat
6054e8f0a0195a07d9988430,5ffb54924c2f3401e9e2a19d,APPROVED,2021-03-19 18:09:54.722000,2021-03-19 18:12:26.441000,151.719,25,139,0,100,2021-03-21 03:47:12.965000,2C804BBF,Joe Biden,United States,United States,"Not in paid work (e.g. homemaker', 'retired or disabled)",DATA EXPIRED,United States,Male,No,Democrat
6054e8f999819d1cddbf5566,5f52e4f162b184600f379760,APPROVED,2021-03-19 18:10:03.911000,2021-03-19 18:11:42.533000,98.622,19,258,3,99,2021-03-21 03:47:14.274000,2C804BBF,Joe Biden,United States,United States,Unemployed (and job seeking),DATA EXPIRED,United States,Female,Yes,Independent
6054e8fada9faeaa366ddb29,58d3dad59dbe3f0001258f66,APPROVED,2021-03-19 18:10:07.225000,2021-03-19 18:12:26.751000,139.526,51,1800,3,100,2021-03-21 03:47:15.874000,2C804BBF,Joe Biden,United States,United States,Part-Time,English,United States,Female,No,Independent
6054e91bf526bfddf93cde31,6016155f2a5a52794d78ad1e,APPROVED,2021-03-19 18:10:38.949000,2021-03-19 18:12:09.187000,90.238,35,186,0,100,2021-03-21 03:47:21.643000,2C804BBF,Joe Biden,United States,United States,Other,DATA EXPIRED,United States,Female,No,Democrat
6054e92c2bc500ed9d15ee90,5bc934c69427200001dd4ef2,APPROVED,2021-03-19 18:10:57.009000,2021-03-19 18:14:18.303000,201.294,64,744,2,100,2021-03-21 03:47:23.295000,2C804BBF,Joe Biden,United States,United States,Full-Time,English,United States,Female,No,Independent
6054e92dfbd75beb3ac22062,5aab63833b97410001a8e397,APPROVED,2021-03-19 18:10:57.085000,2021-03-19 18:12:32.772000,95.687,32,620,0,100,2021-03-21 03:47:26.295000,2C804BBF,Joe Biden,United States,United States,Full-Time,English,United States,Female,No,
6054e93084496c2a5e06000b,5e7e48efea7a2b0a580fb0fd,APPROVED,2021-03-19 18:11:00.164000,2021-03-19 18:20:07.550000,547.386,29,320,1,100,2021-03-21 03:47:28.735000,2C804BBF,Joe Biden,United States,United States,Part-Time,English,United States,Female,No,Democrat
6054e93fbbb56ebda917e58b,5e9a567a22a6fa0ee4cf44f1,APPROVED,2021-03-19 18:11:13.046000,2021-03-19 18:12:13.536000,60.49,27,663,1,100,2021-03-21 03:47:30.706000,2C804BBF,Joe Biden,United States,United States,Other,Chinese,United States,Female,Yes,Democrat
6054e9572ac1492cb49a0a90,5a6d3a19e6cc4a0001b6c47a,APPROVED,2021-03-19 18:11:37.513000,2021-03-19 18:13:22.891000,105.378,52,1475,1,100,2021-03-21 03:47:33.117000,2C804BBF,Joe Biden,United States,United States,Full-Time,English,United States,Male,No,
6054e95b06175bf65f2d27b3,5f35834258a6f754f9150404,APPROVED,2021-03-19 18:11:45.237000,2021-03-19 18:13:38.975000,113.738,30,325,0,100,2021-03-21 03:47:38.028000,2C804BBF,Joe Biden,United States,United States,Full-Time,DATA EXPIRED,United States,Male,No,Democrat
6054e961e1398aafbad6b9eb,60028a5d282af229bfdbb6de,APPROVED,2021-03-19 18:11:47.755000,2021-03-19 18:12:49.406000,61.651,27,82,0,100,2021-03-21 03:47:39.641000,2C804BBF,Joe Biden,United States,United States,Full-Time,,United States,Male,No,Democrat
6054e965147e533e88b879eb,5d275350982e6e001744fb76,APPROVED,2021-03-19 18:11:52.529000,2021-03-19 18:14:35.720000,163.191,30,985,5,99,2021-03-21 03:47:41.099000,2C804BBF,Joe Biden,United States,United States,Full-Time,French,United States,Male,No,Independent
6054e97860143772f4e0b53d,5e38a16710f1a60bb1e08ecf,TIMED-OUT,2021-03-19 18:16:57.968000,,876796.052015,28,467,0,100,,,Joe Biden,United States,United States,Full-Time,DATA EXPIRED,United States,Female,Yes,Independent
6054e98ef2ce0c3d6ca46617,5ea9281361f86b38c9ebb73e,APPROVED,2021-03-19 18:12:34.946000,2021-03-19 18:15:00.857000,145.911,32,179,0,100,2021-03-21 03:47:44.598000,2C804BBF,Joe Biden,United States,United States,"Not in paid work (e.g. homemaker', 'retired or disabled)",English,United States,Female,No,Democrat
6054e99403dcc19d187b8103,5a9f085889de8200013f3233,APPROVED,2021-03-19 18:12:41.040000,2021-03-19 18:16:32.152000,231.112,23,218,1,100,2021-03-21 03:47:45.907000,2C804BBF,Joe Biden,United States,United States,Unemployed (and job seeking),English,United States,Male,No,
6054e995e4ddd277a599c34f,5c2ed84770d93a0001229099,APPROVED,2021-03-19 18:12:39.374000,2021-03-19 18:14:35.021000,115.647,22,194,0,100,2021-03-21 03:47:47.357000,2C804BBF,Joe Biden,United States,United States,Full-Time,English,United States,Male,No,Independent
6054e99f3db9f326a1962f23,5c05ba6d3828d50001f2b970,APPROVED,2021-03-19 18:12:52.622000,2021-03-19 18:14:28.866000,96.244,33,1188,1,100,2021-03-21 03:47:49.018000,2C804BBF,Joe Biden,United States,United States,Full-Time,English,United States,Female,No,Democrat
6054e9ad4809424d91edd33d,601ec2a014595f388c890c2f,APPROVED,2021-03-19 18:13:05.045000,2021-03-19 18:14:51.290000,106.245,22,101,1,100,2021-03-21 03:47:52.811000,2C804BBF,Joe Biden,United States,United States,Full-Time,DATA EXPIRED,United States,Female,No,Democrat
6054e9be77bc3f2ffb12f2f3,5e30d68e4de4510d34b66da6,APPROVED,2021-03-19 18:13:21.835000,2021-03-19 18:14:32.054000,70.219,37,802,3,100,2021-03-21 03:47:54.368000,2C804BBF,Joe Biden,United States,United States,Full-Time,English,United States,Male,No,Democrat
6054e9c1a93c4f520a1d4844,5e8375c53a25e409144f5229,APPROVED,2021-03-19 18:13:24.846000,2021-03-19 18:16:53.460000,208.614,35,408,0,100,2021-03-21 03:47:57.178000,2C804BBF,Joe Biden,United States,United States,Full-Time,Spanish,United States,Male,No,Independent
6054e9dc430dd0e965d5c463,5fe2f89b39d2ea6f5d2479a2,APPROVED,2021-03-19 18:13:51.449000,2021-03-19 18:15:49.204000,117.755,29,203,0,100,2021-03-21 03:47:59.550000,2C804BBF,Joe Biden,United States,United States,Full-Time,DATA EXPIRED,United States,Female,No,Democrat
6054e9e4f59365a0b4839276,5e485d1d4edf63000d0b1620,APPROVED,2021-03-19 18:13:56.065000,2021-03-19 18:15:10.579000,74.514,20,891,9,98,2021-03-21 03:48:00.947000,2C804BBF,Joe Biden,United States,United States,Part-Time,English,United States,Female,Yes,Democrat
6054e9f465722a88bc8d3989,5a65daf2c0d836000107d1ba,APPROVED,2021-03-19 18:14:16.302000,2021-03-19 18:15:16.472000,60.17,40,1395,4,100,2021-03-21 03:48:04.173000,2C804BBF,Joe Biden,Italy,United States,Part-Time,English,United States,Female,No,
6054ea0d651ca38234d3c419,5699cf0625d9e9000db0c789,RETURNED,2021-03-19 18:14:42.227000,,876931.937568,57,1559,1,100,,,CONSENT REVOKED,CONSENT REVOKED,CONSENT REVOKED,CONSENT REVOKED,CONSENT REVOKED,CONSENT REVOKED,CONSENT REVOKED,CONSENT REVOKED,CONSENT REVOKED
6054ea11bdfe9ed140551b0e,5dd406d9c23e0d3e6dacc034,APPROVED,2021-03-19 18:14:45.425000,2021-03-19 18:16:51.134000,125.709,54,990,6,100,2021-03-21 03:50:17.749000,2C804BBF,Joe Biden,United States,United States,Other,English,United States,Female,No,Democrat
6054ea1f494b1a635244ba27,5d89a4e3241e9c0019e2592c,APPROVED,2021-03-19 18:15:00.025000,2021-03-19 18:16:43.660000,103.635,26,448,2,100,2021-03-21 03:48:08.816000,2C804BBF,Joe Biden,United States,United States,Part-Time,English,United States,Female,No,Democrat
6054ea27fe49345b75b164de,5dd44e07e0b21b4474905f7f,APPROVED,2021-03-19 18:15:17.964000,2021-03-19 18:17:20.892000,122.928,55,1055,1,100,2021-03-21 03:48:10.866000,2C804BBF,Joe Biden,United States,United States,Other,English,United States,Male,No,Democrat
6054ea372378a67c17731f21,5b03136f293d310001025f5f,APPROVED,2021-03-19 18:15:21.960000,2021-03-19 18:16:42.133000,80.173,34,1412,7,99,2021-03-21 03:48:14.697000,2C804BBF,Joe Biden,Brazil,United States,Full-Time,English,United States,Male,No,Democrat
6054ea394e2ce0f74ba88b68,5dce8f122bcaac0f67f9fafb,APPROVED,2021-03-19 18:15:25.488000,2021-03-19 18:17:14.078000,108.59,,436,0,100,2021-03-21 03:48:19.422000,2C804BBF,Joe Biden,United States,United States,Full-Time,English,United States,Female,No,Democrat
6054ea45cd1564cc6b1287db,5fc7d47e2df9df05bbb0d206,APPROVED,2021-03-19 18:15:37.266000,2021-03-19 18:17:12.495000,95.229,39,223,2,99,2021-03-21 03:48:21.677000,2C804BBF,Joe Biden,United States,United States,Full-Time,DATA EXPIRED,United States,Female,No,Democrat
6054ea5c4bf4f80f419f66a7,5ebe02e643acbc0009d4ed1f,APPROVED,2021-03-19 18:16:00.777000,2021-03-19 18:17:24.299000,83.522,24,321,1,100,2021-03-21 03:48:23.154000,2C804BBF,Joe Biden,United States,United States,Unemployed (and job seeking),English,United States,Female,No,Democrat
6054ea7552cfc266131d1bb8,60075566352342238dbf5b11,APPROVED,2021-03-19 18:16:28.267000,2021-03-19 18:18:01.922000,93.655,26,221,2,99,2021-03-21 03:48:25.263000,2C804BBF,Joe Biden,United States,United States,Full-Time,DATA EXPIRED,United States,Male,No,Democrat
6054ea7fda5dd60fa4660ecd,5f91172de658c821812cef48,APPROVED,2021-03-19 18:16:36.023000,2021-03-19 18:18:20.636000,104.613,29,125,1,100,2021-03-21 03:48:26.755000,2C804BBF,Joe Biden,United States,United States,Unemployed (and job seeking),,United States,Female,Yes,Democrat
6054ea82aba6afb0ec814be2,6047154617b0fd1950dc9179,APPROVED,2021-03-19 18:17:14.329000,2021-03-19 18:19:53.020000,158.691,33,93,0,100,2021-03-21 03:48:28.316000,2C804BBF,Joe Biden,United States,United States,Part-Time,,United States,Male,No,Independent
6054ea95d9feb0a8eba0d55c,60242f2c056dea0b63656ff9,APPROVED,2021-03-19 18:16:57.241000,2021-03-19 18:18:09.073000,71.832,43,179,0,100,2021-03-21 03:48:29.413000,2C804BBF,Joe Biden,United States,United States,Full-Time,,United States,Female,No,Democrat
6054ea9be4cb875341c9373f,5fc7e42eae2a8f07093da624,APPROVED,2021-03-19 18:17:02.776000,2021-03-19 18:18:53.546000,110.77,27,223,1,100,2021-03-21 03:48:30.742000,2C804BBF,Joe Biden,United States,United States,Other,DATA EXPIRED,United States,Female,Yes,Democrat
6054eaa23c42492012e0f889,5f528fc52213ce5695342304,APPROVED,2021-03-19 18:17:12.591000,2021-03-19 18:18:27.286000,74.695,39,169,2,99,2021-03-21 03:48:32.563000,2C804BBF,Joe Biden,United States,United States,Full-Time,DATA EXPIRED,United States,Female,No,Independent
6054eaa663d8155f99540d56,60412b469c996207fe6033c3,APPROVED,2021-03-19 18:17:14.046000,2021-03-19 18:18:31.150000,77.104,24,62,0,100,2021-03-21 03:48:33.920000,2C804BBF,Joe Biden,United States,United States,Part-Time,,United States,Female,Yes,Democrat
6054eaafc11193b3ab3acfe7,5b15929c1e55760001ba227b,APPROVED,2021-03-19 18:17:24.387000,2021-03-19 18:19:31.918000,127.531,55,905,7,98,2021-03-21 03:48:35.001000,2C804BBF,Joe Biden,Puerto Rico,United States,Part-Time,English,United States,Female,No,Democrat
6054eac4032c87fcba15d7d9,6032ea61c7be4d38020aba9a,APPROVED,2021-03-19 18:17:43.967000,2021-03-19 18:20:14.615000,150.648,55,111,1,100,2021-03-21 03:48:38.754000,2C804BBF,Joe Biden,United States,United States,Unemployed (and job seeking),,United States,Male,No,Democrat
6054ead24263eee2289cbfb5,5e0c12d97bf57240daea3189,APPROVED,2021-03-19 18:17:59.227000,2021-03-19 18:20:06.789000,127.562,60,384,0,100,2021-03-21 03:48:39.943000,2C804BBF,Joe Biden,United States,United States,"Not in paid work (e.g. homemaker', 'retired or disabled)",English,United States,Male,No,Democrat
6054eb10aeea28d29e85f9c1,5da4e65ee7fdf4001aa4dab1,REJECTED,2021-03-19 18:18:59.606000,2021-03-19 18:20:19.248000,79.642,35,705,2,100,2021-03-21 03:39:04.580000,2C804BBF,Joe Biden,United States,United States,Full-Time,Chinese,United States,Male,No,Independent
6054eb1e81b0a6d55e7170e8,5ec4feee144f4f40ecc6d880,APPROVED,2021-03-19 18:19:10.645000,2021-03-19 18:20:53.992000,103.347,20,705,0,100,2021-03-21 03:48:42.317000,2C804BBF,Joe Biden,United States,United States,Part-Time,Vietnamese,United States,Prefer not to say,Yes,Democrat
6054eb23ad45ad52e6035659,5fd1a05efb204f1ad9f6e025,APPROVED,2021-03-19 18:19:18.517000,2021-03-19 18:20:45.075000,86.558,22,160,0,100,2021-03-21 03:48:45.074000,2C804BBF,Joe Biden,Canada,United States,Full-Time,DATA EXPIRED,United States,Male,No,Democrat
6054eb2672e7c775eb3efdc4,5fecf6e660d5fba3b127a9c4,APPROVED,2021-03-19 18:19:21.629000,2021-03-19 18:20:19.425000,57.796,23,280,0,100,2021-03-21 03:48:46.384000,2C804BBF,Joe Biden,United States,United States,Unemployed (and job seeking),DATA EXPIRED,United States,Male,Yes,Democrat
6054eb2c126ec92d201bb100,5f53a7dc6396fb6c5765f87e,APPROVED,2021-03-19 18:19:35.536000,2021-03-19 18:23:18.353000,222.817,25,261,0,100,2021-03-21 03:48:48.437000,2C804BBF,Joe Biden,United States,United States,Other,DATA EXPIRED,United States,Female,Yes,Democrat
6054eb40207ce77957b296b4,5e72411d49bb4816bd49d0fc,APPROVED,2021-03-19 18:19:48.121000,2021-03-19 18:21:47.719000,119.598,23,729,1,100,2021-03-21 03:48:50.040000,2C804BBF,Joe Biden,United States,United States,Part-Time,English,United States,Male,Yes,Democrat
6054eb55494b1a635244ba3d,603c5f3d5862f1a0b9733a6e,APPROVED,2021-03-19 18:20:09.819000,2021-03-19 18:24:11.510000,241.691,37,53,0,100,2021-03-21 03:48:53.094000,2C804BBF,Joe Biden,United States,United States,Full-Time,,United States,Female,Yes,Democrat
6054eb56494b1a635244ba40,5f127bf1c550c71c839454f6,APPROVED,2021-03-19 18:20:10.599000,2021-03-19 18:21:49.249000,98.65,20,124,1,100,2021-03-21 03:48:54.208000,2C804BBF,Joe Biden,United States,United States,Part-Time,English,United States,Female,Yes,Democrat
6054eb68a0195a07d9988444,5a502ce176d1c60001aa973d,APPROVED,2021-03-19 18:20:26.846000,2021-03-19 18:22:00.014000,93.168,61,524,3,100,2021-03-21 03:48:55.385000,2C804BBF,Joe Biden,United States,United States,"Not in paid work (e.g. homemaker', 'retired or disabled)",English,United States,Female,No,Republican
6054eb715a932e5b84485648,602d8cdb33061980afeb74a0,APPROVED,2021-03-19 18:20:35.155000,2021-03-19 18:22:34.653000,119.498,31,89,0,100,2021-03-21 03:48:58.018000,2C804BBF,Joe Biden,United States,United States,Unemployed (and job seeking),,United States,Female,Yes,Democrat
6054eb7aec7fbf553a42b88b,573bc4fbf3580b000fce0af4,APPROVED,2021-03-19 18:20:47.633000,2021-03-19 18:22:22.887000,95.254,29,553,5,99,2021-03-21 03:48:59.204000,2C804BBF,Joe Biden,United States,United States,Unemployed (and job seeking),English,United States,Female,No,Democrat
6054ebb42954239a2d8f2778,5c5c605231c89c0001bae560,APPROVED,2021-03-19 18:21:42.876000,2021-03-19 18:23:09.402000,86.526,31,658,6,98,2021-03-21 03:49:02.272000,2C804BBF,Joe Biden,United States,United States,Full-Time,English,United States,Male,No,Democrat
6054ebb7122f8d6ffb06a0b4,55c6ba88fdf99b7bc9ca3fd1,APPROVED,2021-03-19 18:21:46.367000,2021-03-19 18:22:50.625000,64.258,27,224,1,100,2021-03-21 03:49:04.997000,2C804BBF,Joe Biden,United States,United States,Full-Time,DATA EXPIRED,United States,Male,No,Democrat
6054ebba4809424d91edd34e,5e51ff2485649722ffcc1397,APPROVED,2021-03-19 18:21:49.829000,2021-03-19 18:22:54.683000,64.854,21,769,1,100,2021-03-21 03:49:06.509000,2C804BBF,Joe Biden,United States,United States,Unemployed (and job seeking),English,United States,Male,Yes,Democrat
6054ebc283025f9cc25ddbc6,5a75525b000dab00018c0ae7,APPROVED,2021-03-19 18:21:58.459000,2021-03-19 18:23:31.187000,92.728,38,1085,4,99,2021-03-21 03:49:09.760000,2C804BBF,Joe Biden,United States,United States,Full-Time,English,United States,Male,No,
6054ebc363d06f1484865dbc,5ec5b41217e1c9627364f27f,APPROVED,2021-03-19 18:21:58.119000,2021-03-19 18:22:59.267000,61.148,33,334,3,99,2021-03-21 03:49:13.854000,2C804BBF,Joe Biden,United States,United States,Full-Time,English,United States,Female,No,Democrat
6054ebcde40607d8a0d99726,603a68aad98e955cdccb9aec,APPROVED,2021-03-19 18:22:13.987000,2021-03-19 18:29:40.386000,446.399,23,80,0,100,2021-03-21 03:49:15.579000,2C804BBF,Joe Biden,United States,United States,Unemployed (and job seeking),,United States,Male,No,Democrat
6054ebcede184c678dbaa5f0,5ffe516acbc37a4ae7eac4a1,APPROVED,2021-03-19 18:22:10.239000,2021-03-19 18:23:23.007000,72.768,27,217,1,100,2021-03-21 03:49:16.752000,2C804BBF,Joe Biden,United States,United States,Other,DATA EXPIRED,United States,Female,No,Democrat
6054ebe52a68b97695369b44,5eda9438ff2fef6c2b40d1b9,APPROVED,2021-03-19 18:22:33.274000,2021-03-19 18:24:31.743000,118.469,55,357,1,100,2021-03-21 03:49:18.617000,2C804BBF,Joe Biden,United States,United States,Unemployed (and job seeking),DATA EXPIRED,United States,Female,DATA EXPIRED,Democrat
6054ebec61ee203884b1ef37,5fc3f6c15477126b8965524f,APPROVED,2021-03-19 18:22:39.653000,2021-03-19 18:24:54.537000,134.884,40,128,1,100,2021-03-21 03:49:20.448000,2C804BBF,Joe Biden,United States,United States,Full-Time,,United States,Male,No,Independent
6054ebfc339153e686cf37fa,5d939684f453df0018340676,APPROVED,2021-03-19 18:22:52.818000,2021-03-19 18:25:56.873000,184.055,34,818,4,100,2021-03-21 03:49:21.823000,2C804BBF,Joe Biden,United States,United States,Full-Time,English,United States,Male,No,Democrat
6054ebfed02d096f33d5a622,5d8eb6bc63b8df001921d2a0,APPROVED,2021-03-19 18:22:54.568000,2021-03-19 18:24:40.936000,106.368,34,837,1,100,2021-03-21 03:49:25.302000,2C804BBF,Joe Biden,United States,United States,Full-Time,English,United States,Male,No,Democrat
6054ec03f5c9ed28dcaa66a1,5c0968ef600aff0001d707eb,APPROVED,2021-03-19 18:23:02.349000,2021-03-19 18:24:00.880000,58.531,23,1370,8,99,2021-03-21 03:49:28.773000,2C804BBF,Joe Biden,United States,United States,Full-Time,English,United States,Female,No,Democrat
6054ec05d3afee30835e7db3,6001e7c83919e717dca8df72,TIMED-OUT,2021-03-19 18:23:04.025000,,876430.774913,28,202,1,100,,,Joe Biden,United States,United States,Other,DATA EXPIRED,United States,Female,No,Democrat
6054ec227c36064c825818c9,5f5be44433097f39b8ac2223,APPROVED,2021-03-19 18:23:36.868000,2021-03-19 18:26:07.166000,150.298,49,193,0,100,2021-03-21 03:49:33.331000,2C804BBF,Joe Biden,United States,United States,Unemployed (and job seeking),DATA EXPIRED,United States,Male,Yes,Independent
6054ec3152cfc266131d1bc8,5efc3ca2916b001fc0b7dc39,APPROVED,2021-03-19 18:23:48.950000,2021-03-19 18:25:22.901000,93.951,44,165,0,100,2021-03-21 03:49:35.204000,2C804BBF,Joe Biden,United States,United States,Part-Time,English,United States,Female,No,Democrat
6054ec3df526bfddf93cde54,5f0df5a03845a80dfb809e2f,APPROVED,2021-03-19 18:24:00.468000,2021-03-19 18:26:01.590000,121.122,39,605,5,99,2021-03-21 03:49:36.569000,2C804BBF,Joe Biden,United States,United States,Full-Time,English,United States,Male,No,Democrat
6054ec3f63d06f1484865dc8,5fc590f261a3a0111d53a300,APPROVED,2021-03-19 18:24:03.264000,2021-03-19 18:25:28.975000,85.711,21,193,0,100,2021-03-21 03:49:38.969000,2C804BBF,Joe Biden,United States,United States,Other,DATA EXPIRED,United States,Male,No,Democrat
6054ec40d4390e239943b8bd,604bdc45b6548d6106b9829a,APPROVED,2021-03-19 18:24:11.957000,2021-03-19 18:27:40.210000,208.253,45,38,0,100,2021-03-21 03:49:40.814000,2C804BBF,Joe Biden,United States,United States,Full-Time,,United States,Female,No,Democrat
6054ec5366caa1f5239a8857,5e4648c28072a311eb52e833,APPROVED,2021-03-19 18:24:26.620000,2021-03-19 18:28:30.631000,244.011,22,553,6,99,2021-03-21 03:49:41.873000,2C804BBF,Joe Biden,United States,United States,Unemployed (and job seeking),English,United States,Female,Yes,Independent
6054ec60aaa792111c70f7c6,5eee262c7da4d228a43a4027,APPROVED,2021-03-19 18:24:36.265000,2021-03-19 18:26:52.234000,135.969,36,592,5,99,2021-03-21 03:49:44.638000,2C804BBF,Joe Biden,United States,United States,Full-Time,English,United States,Male,No,Democrat
6054ec62b14726948886fa99,5c7b25a44660bf0013c73198,APPROVED,2021-03-19 18:24:42.021000,2021-03-19 18:27:15.764000,153.743,55,1055,8,98,2021-03-21 03:49:47.068000,2C804BBF,Joe Biden,United States,United States,Full-Time,English,United States,Female,No,Democrat
6054ec6c1d7f160a22aa9a6e,6029b02506a226946a2f7734,APPROVED,2021-03-19 18:24:46.814000,2021-03-19 18:27:55.043000,188.229,20,169,0,100,2021-03-21 03:49:51.273000,2C804BBF,Joe Biden,United States,United States,Part-Time,DATA EXPIRED,United States,Female,Yes,Democrat
6054ec75eb76f2d9d14a7caf,5cd8aebb5df66e0001d572c4,APPROVED,2021-03-19 18:24:56.063000,2021-03-19 18:27:11.786000,135.723,27,1155,4,100,2021-03-21 03:49:52.582000,2C804BBF,Joe Biden,United States,United States,Full-Time,English,United States,Female,No,Democrat
6054ec76d5885cbb005de590,5d55a1f2fab56e000140df8f,APPROVED,2021-03-19 18:24:56.950000,2021-03-19 18:26:40.226000,103.276,23,1218,5,99,2021-03-21 03:49:56.896000,2C804BBF,Joe Biden,United States,United States,Full-Time,English,United States,Male,No,Independent
6054ec7a273efd194a1ffc9c,5ae3563e5cd05500015ed96b,APPROVED,2021-03-19 18:25:02.724000,2021-03-19 18:25:57.842000,55.118,36,1686,6,100,2021-03-21 03:50:00.910000,2C804BBF,Joe Biden,United States,United States,Full-Time,English,United States,Female,No,Democrat
6054ec84770be998b8571fb3,5fdcd8be3986cc281ac5952e,APPROVED,2021-03-19 18:25:10.881000,2021-03-19 18:27:30.926000,140.045,18,172,0,100,2021-03-21 03:50:06.782000,2C804BBF,Joe Biden,United States,United States,,,United States,Female,,Democrat
6054ec8e196f43f729bf6677,564f48f19b1249000c7eb1d1,TIMED-OUT,2021-03-19 18:25:18.728000,,876296.244936,35,177,0,100,,,Joe Biden,United States,United States,DATA EXPIRED,DATA EXPIRED,United States,Male,No,Democrat
6054eca61d7f160a22aa9a75,5fad9934e0f4c3142fda0cb3,APPROVED,2021-03-19 18:25:46.054000,2021-03-19 18:27:27.163000,101.109,24,231,3,99,2021-03-21 03:50:08.125000,2C804BBF,Joe Biden,United States,United States,Unemployed (and job seeking),,United States,Male,No,Democrat
6054edb94739da5a4b16dbf2,5e04a5e4500f06f0a31d3123,APPROVED,2021-03-19 18:30:20.152000,2021-03-19 18:31:39.690000,79.538,23,548,1,100,2021-03-21 03:50:10.188000,2C804BBF,Joe Biden,United States,United States,Part-Time,English,United States,Female,No,Democrat
6054eff5c48255613050c775,5d3b61c161a23e001c080633,APPROVED,2021-03-19 18:39:53.613000,2021-03-19 18:41:25.742000,92.129,32,1024,1,100,2021-03-21 03:50:12.486000,2C804BBF,Joe Biden,United States,United States,Full-Time,English,United States,Male,No,Independent
6054f10081527d2adef6383c,5c2d02b82c45d400014a5501,APPROVED,2021-03-19 18:44:19.058000,2021-03-19 18:45:34.450000,75.392,29,76,1,100,2021-03-21 03:50:16.565000,2C804BBF,Joe Biden,United States,United States,Full-Time,English,United States,Female,No,Democrat